Line,StopName,Lon,Lat
G1,Richmond St & Westmoreland St Loop,-75.099553,39.984253
G1,Richmond St & Allegheny Av,-75.101437,39.983053
G1,Richmond St & Clearfield St,-75.103782,39.981783
G1,Richmond St & Ann St,-75.107311,39.979945
G1,Richmond St & Cambria St,-75.108862,39.979092
G1,Richmond St & Somerset St,-75.110697,39.978159
G1,Richmond St & Lehigh Av,-75.113101,39.976907
G1,Richmond St & Huntingdon St,-75.115552,39.975628
G1,Richmond St & Cumberland St,-75.118038,39.974331
G1,Richmond St & Girard Av,-75.119591,39.973068
G1,Girard Av & Berks St,-75.125833,39.971869
G1,Girard Av & Palmer St,-75.1284,39.970983
G1,Girard Av & Columbia Av,-75.130423,39.970265
G1,Frankford Av & Girard Av - FS,-75.134493,39.96865
G1,Frankford Av & Richmond St,-75.134492,39.966124
G1,Frankford Av & Delaware Av,-75.134485,39.964812
G1,Frankford Av & Delaware Av Loop,-75.134154,39.964945
G1,Frankford Av & Delaware Av - FS,-75.134342,39.965205
G1,Frankford Av & Richmond St,-75.134338,39.966008
G1,Frankford Av & Girard Av,-75.134351,39.968774
G1,Girard Av & Front St,-75.136075,39.968903
G1,Girard Av & 2nd St,-75.13945,39.9695
G1,Girard Av & 3rd St,-75.141386,39.969799
G1,Girard Av & 4th St,-75.142968,39.96999
G1,Girard Av & 5th St,-75.144905,39.970218
G1,Girard Av & 7th St,-75.148022,39.970484
G1,Girard Av & 8th St,-75.149853,39.970568
G1,Girard Av & 11th St,-75.154021,39.970845
G1,Girard Av & 12th St,-75.155603,39.971045
G1,Girard Av & Broad St,-75.159275,39.971499
G1,Girard Av & 16th St,-75.162605,39.971908
G1,Girard Av & 17th St,-75.164151,39.972116
G1,Girard Av & Ridge Av,-75.166217,39.97238
G1,Girard Av & 19th St,-75.167339,39.972507
G1,Girard Av & 20th St,-75.168874,39.972715
G1,Girard Av & Corinthian Av,-75.17022,39.972888
G1,Girard Av & 24th St,-75.175844,39.972453
G1,Poplar St & 25th St,-75.177403,39.972492
G1,Girard Av & 26th St,-75.178733,39.973976
G1,Girard Av & 27th St,-75.18028,39.974202
G1,Girard Av & 28th St,-75.181756,39.974375
G1,Girard Av & 29th St,-75.183361,39.974574
G1,Girard Av & 31st St,-75.186549,39.975009
G1,Girard Av & 33rd St,-75.188002,39.975199
G1,Girard Av & 34th St - MBFS,-75.196472,39.975126
G1,Girard Av & 39th St,-75.201683,39.974511
G1,Girard Av & 40th St - FS,-75.204543,39.974159
G1,Girard Av & 41st St,-75.206268,39.973966
G1,Girard Av & 42nd St,-75.208797,39.973658
G1,Girard Av & Belmont Av,-75.212094,39.973315
G1,Girard Av & Merion Av,-75.216277,39.972814
G1,Girard Av & 49th St,-75.219064,39.972917
G1,Girard Av & 51st St,-75.223438,39.971987
G1,Girard Av & 52nd St,-75.22579,39.971473
G1,Girard Av & 54th St,-75.228614,39.971165
G1,Girard Av & 56th St,-75.232477,39.970761
G1,Girard Av & 57th St,-75.234096,39.970585
G1,Girard Av & 59th St,-75.237334,39.970224
G1,Girard Av & 60th St,-75.238988,39.970039
G1,Haverford Av & 61st St,-75.240781,39.970899
G1,Haverford Av & 62nd St,-75.242704,39.971642
G1,Haverford Av & 63rd St,-75.244641,39.971895
G1,Girard Av & 63rd St - MBFS,-75.244598,39.970226
G1,Girard Av & 63rd St - MBFS,-75.244598,39.970226
G1,Girard Av & 62nd St,-75.243216,39.970063
G1,Girard Av & 61st St,-75.241221,39.969801
G1,Girard Av & 60th St,-75.239366,39.969897
G1,Girard Av & 59th St,-75.237523,39.970099
G1,Girard Av & 57th St,-75.234285,39.97046
G1,Girard Av & 56th St,-75.232667,39.970636
G1,Girard Av & 54th St,-75.228803,39.971041
G1,Girard Av & 52nd St,-75.225908,39.971357
G1,Girard Av & 51st St,-75.223745,39.971845
G1,Girard Av & Lancaster Av,-75.218521,39.972978
G1,Girard Av & Merion Av,-75.216431,39.972725
G1,Girard Av & Belmont Av - FS,-75.211964,39.973208
G1,Girard Av & 42nd St,-75.208975,39.973542
G1,Girard Av & 41st St,-75.206528,39.973823
G1,Girard Av & 40th St,-75.204531,39.974043
G1,Girard Av & 39th St,-75.201802,39.974297
G1,Girard Av & 34th St - MBFS,-75.196733,39.974841
G1,Girard Av & 31st St,-75.18675,39.974938
G1,Girard Av & 29th St,-75.183622,39.974486
G1,Girard Av & 28th St,-75.181969,39.974286
G1,Girard Av & 27th St,-75.180504,39.974113
G1,Girard Av & 26th St,-75.178946,39.973896
G1,26th St & Poplar St,-75.179198,39.972701
G1,Poplar St & Stillman St,-75.178171,39.97244
G1,College Av & 24th St - FS,-75.175384,39.97239
G1,Girard Av & Corinthian Av,-75.170421,39.972817
G1,Girard Av & 20th St,-75.169087,39.972636
G1,Girard Av & 19th St,-75.16754,39.972427
G1,Girard Av & Ridge Av,-75.166572,39.972309
G1,Girard Av & 17th St,-75.164352,39.972028
G1,Girard Av & 16th St,-75.162806,39.971828
G1,Girard Av & Broad St,-75.159594,39.971428
G1,Girard Av & 12th St,-75.155816,39.970965
G1,Girard Av & 11th St,-75.154222,39.970756
G1,Girard Av & 8th St,-75.150042,39.97047
G1,Girard Av & 7th St,-75.148211,39.970386
G1,Girard Av & 5th St,-75.145094,39.970129
G1,Girard Av & 3rd St,-75.141599,39.969711
G1,Girard Av & 2nd St,-75.139805,39.969439
G1,Girard Av & Front St,-75.136358,39.968851
G1,Frankford Av & Girard Av - FS,-75.134493,39.96865
G1,Frankford Av & Richmond St,-75.134492,39.966124
G1,Frankford Av & Delaware Av,-75.134485,39.964812
G1,Frankford Av & Delaware Av Loop,-75.134154,39.964945
G1,Frankford Av & Delaware Av - FS,-75.134342,39.965205
G1,Frankford Av & Richmond St,-75.134338,39.966008
G1,Girard Av & Frankford Av- FS,-75.134244,39.968855
G1,Girard Av & Columbia Av,-75.130542,39.970122
G1,Girard Av & Palmer St,-75.128519,39.97084
G1,Girard Av & Berks St,-75.125999,39.971709
G1,Girard Av & Richmond St,-75.119769,39.972988
G1,Richmond St & Cumberland St,-75.118181,39.974153
G1,Richmond St & Huntingdon St,-75.11573,39.975441
G1,Richmond St & Lehigh Av,-75.113302,39.976729
G1,Richmond St & Somerset St,-75.110887,39.977981
G1,Richmond St & Cambria St,-75.109052,39.978914
G1,Richmond St & Ann St,-75.107536,39.979758
G1,Richmond St & Clearfield St,-75.104019,39.981605
G1,Richmond St & Allegheny Av,-75.101544,39.982875
G1,Richmond St & Westmoreland St Loop,-75.099553,39.984253
T1,63rd-Malvern,-75.245957,39.983838
T1,Malvern Av & 63rd St,-75.247009,39.983697
T1,63rd St & Lebanon Av,-75.246661,39.980912
T1,63rd St & Jefferson St,-75.246184,39.97835
T1,Lansdowne Av & 63rd - FS,-75.244986,39.975332
T1,Lansdowne Av & 62nd St,-75.243651,39.975499
T1,Lansdowne Av & 61st St,-75.241879,39.975693
T1,Lansdowne Av & 60th St,-75.240378,39.975851
T1,Lansdowne Av & 59th St,-75.238653,39.976054
T1,Lansdowne Av & 58th St,-75.236904,39.976248
T1,Lansdowne Av & 57th St,-75.235403,39.976406
T1,Lansdowne Av & 56th St,-75.233761,39.976591
T1,Lansdowne Av & 55th St,-75.231858,39.976811
T1,Lansdowne Av & 54th St,-75.229908,39.977013
T1,Lansdowne Av & Lancaster Av,-75.227451,39.977295
T1,Lancaster Av & Bible Way,-75.226176,39.976855
T1,Lancaster Av & 50th St,-75.22259,39.975207
T1,Lancaster Av & Thompson St,-75.219747,39.973748
T1,Lancaster Av & Girard Av,-75.218615,39.973059
T1,Lancaster Av & 47th St,-75.216115,39.971555
T1,Lancaster Av & 45th St,-75.212991,39.969667
T1,Lancaster Av & 44th St,-75.211541,39.968772
T1,Lancaster Av & 43th St,-75.209878,39.967725
T1,Lancaster Av & 42nd St,-75.207662,39.966391
T1,Lancaster Av & 41st St,-75.205564,39.965093
T1,Lancaster Av & 40th St,-75.20244,39.963151
T1,40th St & Filbert St,-75.201901,39.957929
T1,Lancaster Av & Spring Garden St,-75.200353,39.962004
T1,Lancaster Av & 38th St,-75.197016,39.960267
T1,Lancaster Av & 36th St,-75.193786,39.958565
T1,36th St Trolley Portal Station,-75.194162,39.955335
T1,33rd St,-75.189523,39.954782
T1,Drexel Station at 30th St,-75.1835,39.954815
T1,22nd St,-75.176736,39.953962
T1,19th St,-75.171637,39.953327
T1,15th St/City Hall,-75.165369,39.952502
T1,13th St,-75.162559,39.952532
T1,13th St,-75.162559,39.952532
T1,15th St/City Hall,-75.165345,39.952672
T1,19th St,-75.171483,39.953425
T1,22nd St,-75.176571,39.954051
T1,Drexel Station at 30th St,-75.183169,39.954894
T1,33rd St,-75.189499,39.954871
T1,36th St Trolley Portal Station,-75.194233,39.955451
T1,36th St & Market St,-75.194113,39.956058
T1,36th St & Lancaster Av,-75.193585,39.958404
T1,Lancaster Av & Powelton Av,-75.195542,39.959631
T1,Lancaster Av & 38th St,-75.196721,39.96024
T1,Lancaster Av & Spring Garden St,-75.199952,39.961923
T1,Lancaster Av & Haverford Av,-75.201826,39.9629
T1,40th St & Filbert St,-75.201901,39.957929
T1,Lancaster Av & Wallace St,-75.203371,39.963857
T1,Lancaster Av & 41st St,-75.205386,39.965102
T1,Lancaster Av & 42nd St,-75.207485,39.966399
T1,Lancaster Av & Parrish St,-75.20956,39.96767
T1,Lancaster Av & Ogden St,-75.210998,39.968565
T1,Lancaster Av & Westminster St,-75.212283,39.969353
T1,Lancaster Av & 47th St,-75.215938,39.971564
T1,Lancaster Av & 48th St,-75.217035,39.972244
T1,Lancaster Av & 49th St,-75.219464,39.973703
T1,Lancaster Av & 50th St,-75.222389,39.975234
T1,Lancaster Av & 52nd St,-75.2266,39.977186
T1,Lansdowne Av & 54th St,-75.229755,39.977129
T1,Lansdowne Av & 55th St,-75.231704,39.976927
T1,Lansdowne Av & 56th St,-75.233607,39.976707
T1,Lansdowne Av & 57th St,-75.235249,39.976522
T1,Lansdowne Av & 58th St,-75.23675,39.976363
T1,Lansdowne Av & 59th St,-75.238499,39.97617
T1,Lansdowne Av & 60th St,-75.240153,39.975976
T1,Lansdowne Av & 61st St,-75.241725,39.975809
T1,Lansdowne Av & 62nd St,-75.243497,39.975615
T1,63rd St & Lansdowne Av - FS,-75.245529,39.975582
T1,63rd St & Jefferson St,-75.24603,39.978234
T1,63rd St & Columbia Av,-75.246461,39.980582
T1,63rd-Malvern,-75.245957,39.983838
206,Paoli Regional Rail Station,-75.484057,40.042367
206,Lancaster Av & Plank Av,-75.488006,40.041821
206,Lancaster Av & Cedar Hollow Rd,-75.492735,40.041649
206,Lancaster Av & Central Av,-75.498316,40.041994
206,Industrial Blvd & Paoli Hospital,-75.499335,40.044261
206,Industrial Blvd & West Industrial Blvd,-75.503925,40.046552
206,Cedar Hollow Rd & Jacqueline Dr,-75.498109,40.04834
206,Cedar Hollow Rd & Vanguard Blvd,-75.499094,40.051437
206,Cedar Hollow Rd & Swedesford Rd - MBNS,-75.510593,40.056036
206,Chesterfield Pkwy & 300,-75.514394,40.060264
206,Chesterfield Pkwy & 600,-75.515825,40.059611
206,Chesterfield Pkwy & Swedesford Rd - MBNS,-75.516639,40.057879
206,Swedesford Rd & Valley Stream Pkwy,-75.517523,40.055951
206,Swedesford Rd & Liberty Blvd - MBNS,-75.520336,40.054949
206,Liberty Blvd & Swedesford Rd - MBFS,-75.523909,40.055875
206,Liberty Blvd & Morehall Rd - MBNS,-75.526581,40.055114
206,Morehall Rd & Liberty Blvd - FS,-75.528189,40.054756
206,Morehall Rd & Valley Stream Pkwy - FS,-75.528996,40.057317
206,Great Valley Pkwy & Morehall Rd - MBFS,-75.537107,40.063486
206,Great Valley Pkwy & 27 43 Bldg,-75.54075,40.06392
206,Great Valley Pkwy & 45 67 Bldg,-75.543115,40.063329
206,Great Valley Pkwy & 77 123 Bldg,-75.545467,40.062738
206,Great Valley Pkwy & 125 Bldg,-75.546246,40.061711
206,Great Valley Pkwy & 155 Bldg,-75.544718,40.060356
206,Great Valley Pkwy & 201 Bldg,-75.543583,40.060616
206,Great Valley Pkwy & 257 275 Bldg,-75.541254,40.061171
206,Great Valley Pkwy & Technology Dr,-75.538713,40.062048
206,Morehall Rd & Great Valley - FS,-75.535488,40.064603
206,Morehall Rd & Atwater Dr - FS,-75.536248,40.066647
206,General Warren Blvd & Otis - FS,-75.539465,40.074659
206,General Warren Blvd & Otis - FS,-75.539465,40.074659
206,General Warren Blvd & Morehall Rd,-75.537274,40.072947
206,Morehall Rd & Flat Rd,-75.536425,40.066396
206,Great Valley Pkwy & Morehall Rd - MBFS,-75.537107,40.063486
206,Great Valley Pkwy & 27 43 Bldg,-75.54075,40.06392
206,Great Valley Pkwy & 45 67 Bldg,-75.543115,40.063329
206,Great Valley Pkwy & 77 123 Bldg,-75.545467,40.062738
206,Great Valley Pkwy & 125 Bldg,-75.546246,40.061711
206,Great Valley Pkwy & 155 Bldg,-75.544718,40.060356
206,Great Valley Pkwy & 201 Bldg,-75.543583,40.060616
206,Great Valley Pkwy & 257 275 Bldg,-75.541254,40.061171
206,Great Valley Pkwy & Technology Dr,-75.538713,40.062048
206,Great Valley Pkwy & Morehall Rd,-75.535735,40.063648
206,Morehall Rd & Valley Stream Pkwy - FS,-75.529173,40.057031
206,Liberty Blvd & Morehall Rd - MBFS,-75.526852,40.054721
206,Liberty Blvd & Swedesford Rd - MBNS,-75.523873,40.055634
206,Swedesford Rd & Liberty Blvd - MBFS,-75.519402,40.054941
206,Swedesford Rd & Valley Stream Pkwy,-75.517783,40.055522
206,Chesterfield Pkwy & Swedesford Rd - MBFS,-75.516426,40.057879
206,Chesterfield Pkwy & 600,-75.515742,40.059477
206,Chesterfield Pkwy & 300,-75.514465,40.060067
206,Cedar Hollow Rd & Swedesford Rd - MBFS,-75.51064,40.055857
206,Cedar Hollow Rd & Vanguard Blvd - FS,-75.499224,40.051321
206,Cedar Hollow Rd & Industrial Blvd,-75.498074,40.047992
206,Industrial Blvd & West Industrial Blvd,-75.504055,40.046632
206,Industrial Blvd & Paoli Hospital,-75.499548,40.044225
206,Lancaster Av & Cedar Hollow Rd,-75.493184,40.041506
206,Lancaster Av & Plank Av,-75.488218,40.041678
206,Paoli Regional Rail Station,-75.484057,40.042367
BSL,Fern Rock Transit Center,-75.136757,40.04185
BSL,Olney Transit Center,-75.144749,40.039066
BSL,Logan,-75.14658,40.030618
BSL,Wyoming,-75.147904,40.02456
BSL,Hunting Park,-75.149577,40.016933
BSL,Erie,-75.15125,40.009234
BSL,Broad-Allegheny,-75.152922,40.001589
BSL,North Philadelphia,-75.154629,39.993944
BSL,Susquehanna-Dauphin,-75.156109,39.987031
BSL,Cecil B. Moore,-75.157925,39.978672
BSL,Broad-Girard,-75.159488,39.971473
BSL,Fairmount,-75.160461,39.967039
BSL,Chinatown,-75.152795,39.955028
BSL,8th-Market,-75.153636,39.951138
BSL,Broad-Spring Garden,-75.161471,39.962392
BSL,Race-Vine,-75.162601,39.95703
BSL,15th/City Hall,-75.164129,39.952473
BSL,Walnut-Locust,-75.164462,39.948734
BSL,Lombard-South,-75.165471,39.944077
BSL,Ellsworth-Federal,-75.167177,39.936182
BSL,Tasker-Morris,-75.16857,39.929813
BSL,Snyder,-75.169758,39.92438
BSL,Oregon,-75.171414,39.916789
BSL,NRG Station,-75.17391,39.905433
BSL,NRG Station,-75.173804,39.905424
BSL,Oregon,-75.171332,39.91678
BSL,Snyder,-75.169652,39.924371
BSL,Tasker-Morris,-75.168475,39.929804
BSL,Ellsworth-Federal,-75.167082,39.936173
BSL,Lombard-South,-75.165377,39.944068
BSL,Walnut-Locust,-75.164368,39.948734
BSL,15th/City Hall,-75.164059,39.952464
BSL,Race-Vine,-75.162589,39.957021
BSL,Broad-Spring Garden,-75.161388,39.962374
BSL,8th-Market,-75.153542,39.951138
BSL,Chinatown,-75.1527,39.955027
BSL,Fairmount,-75.160379,39.96703
BSL,Broad-Girard,-75.159393,39.971464
BSL,Cecil B. Moore,-75.157842,39.978663
BSL,Susquehanna-Dauphin,-75.156027,39.987022
BSL,North Philadelphia,-75.154547,39.993935
BSL,Broad-Allegheny,-75.152828,40.001589
BSL,Erie,-75.151155,40.009234
BSL,Hunting Park,-75.149482,40.016933
BSL,Wyoming,-75.147809,40.02456
BSL,Logan,-75.146485,40.030617
BSL,Olney Transit Center,-75.144678,40.039039
BSL,Fern Rock Transit Center,-75.136757,40.04185
MFL,69th St Transit Center,-75.258555,39.962338
MFL,Millbourne,-75.252243,39.96432
MFL,63rd St,-75.246767,39.962714
MFL,60th St,-75.240757,39.961956
MFL,56th St,-75.232859,39.960962
MFL,52nd St,-75.224889,39.959976
MFL,46th St,-75.214028,39.958619
MFL,40th St,-75.201963,39.957117
MFL,34th St,-75.19148,39.95583
MFL,Drexel Station at 30th S,-75.183276,39.954814
MFL,15th St/City Hall,-75.165286,39.952573
MFL,13th St,-75.16145,39.952065
MFL,11th St,-75.158322,39.951693
MFL,8th-Market,-75.153589,39.951102
MFL,5th St/Independence Hall,-75.148939,39.95053
MFL,2nd St,-75.143758,39.949795
MFL,Spring Garden,-75.140337,39.960533
MFL,Front-Girard,-75.136146,39.968877
MFL,Berks,-75.133448,39.978626
MFL,York-Dauphin,-75.131942,39.985512
MFL,Huntingdon,-75.127274,39.988803
MFL,Somerset,-75.122489,39.991424
MFL,Kensington-Allegheny,-75.11344,39.996471
MFL,Tioga,-75.106439,40.000291
MFL,Erie-Torresdale,-75.096404,40.005825
MFL,Church,-75.088651,40.010901
MFL,Arrott Transit Center,-75.083802,40.016564
MFL,Frankford Transit Center,-75.077861,40.022929
MFL,Frankford Transit Center,-75.078038,40.023063
MFL,Arrott Transit Center,-75.083885,40.016609
MFL,Church,-75.088758,40.010937
MFL,Erie-Torresdale,-75.096463,40.005888
MFL,Tioga,-75.106498,40.000354
MFL,Kensington-Allegheny,-75.113499,39.996534
MFL,Somerset,-75.122548,39.991487
MFL,Huntingdon,-75.127332,39.988866
MFL,York-Dauphin,-75.132084,39.985539
MFL,Berks,-75.133566,39.978626
MFL,Front-Girard,-75.136252,39.968895
MFL,Spring Garden,-75.140467,39.960551
MFL,2nd St,-75.143746,39.949858
MFL,5th St/Independence Hall,-75.148939,39.950601
MFL,8th-Market,-75.153589,39.951174
MFL,11th St,-75.158322,39.951764
MFL,13th St,-75.16145,39.952137
MFL,15th St/City Hall,-75.165286,39.952645
MFL,Drexel Station at 30th S,-75.183252,39.954886
MFL,34th St,-75.19148,39.955901
MFL,40th St,-75.201963,39.957188
MFL,46th St,-75.214028,39.958691
MFL,52nd St,-75.224925,39.96003
MFL,56th St,-75.232847,39.961042
MFL,60th St,-75.240757,39.962027
MFL,63rd St,-75.246767,39.962786
MFL,Millbourne,-75.252243,39.964391
MFL,69th St Transit Center,-75.258602,39.962526
MFL,69th St Transit Center,-75.258555,39.962338
K,Arrott Transit Center,-75.084202,40.016869
K,Arrott St & Leiper St,-75.086195,40.017927
K,Arrott St & Oakland St,-75.088446,40.01921
K,Arrott St & Horrocks St,-75.089602,40.019873
K,Arrott St & Large St,-75.091393,40.021029
K,Arrott St & Castor Av,-75.093667,40.022517
K,Arrott St & Adams Av,-75.094799,40.023261
K,Adams Av & Ramona Av,-75.095354,40.024004
K,Adams Av & Roosevelt Blvd,-75.096878,40.025971
K,Roosevelt Blvd & Langdon St,-75.098525,40.027823
K,Roosevelt Blvd & Tower Blvd - FS,-75.101085,40.029484
K,Adams Av & Whitaker Av - FS,-75.10415,40.030792
K,Adams Av & Montour St,-75.10541,40.031794
K,Adams Av & Tabor Rd,-75.1068,40.03311
K,Adams Av & Foulkrod St,-75.108409,40.035283
K,Adams Av & Hill Creek Dr - FS,-75.108909,40.037239
K,Adams Av & Rising Sun Av,-75.109906,40.039089
K,Crescentville Av & Adams Ave - FS,-75.114018,40.042384
K,Crescentville Av & Hammond Av,-75.115583,40.041263
K,Champlost St & A St,-75.118078,40.041234
K,Champlost St & Front St,-75.119969,40.041462
K,Front St & Spencer St - FS,-75.119678,40.043094
K,Godfrey Av & Front St - FS,-75.119849,40.044576
K,Godfrey Av & 2nd St,-75.123442,40.045058
K,Godfrey Av & 3rd St,-75.125486,40.045313
K,Godfrey Av & 4th St,-75.126514,40.04544
K,Godfrey Av & 5th St,-75.128287,40.045694
K,5th St & Medary Av,-75.128261,40.046248
K,5th St & Chelten Av - FS,-75.128032,40.047372
K,5th St & 64th Av,-75.127694,40.048915
K,5th St & 65th Av,-75.127417,40.050119
K,66th Av & 5th St - FS,-75.127421,40.051833
K,66th Av & 6th St,-75.128982,40.052042
K,66th Av & 7th St,-75.130648,40.05226
K,66th Av & 8th St,-75.131747,40.052397
K,66th Av & 10th St,-75.133697,40.052651
K,66th Av & Lawnton Av,-75.135151,40.052842
K,66th Av & 11th St,-75.136558,40.053024
K,66th Av & 12th St,-75.137645,40.05316
K,66th Av & 13th St,-75.139229,40.053369
K,66th Av & Broad St,-75.141321,40.053633
K,Old York Rd & 66th Av - FS,-75.142079,40.053269
K,Old York Rd & 65th Av,-75.142663,40.052279
K,Old York Rd & Chelten Av,-75.143603,40.05088
K,Chelten Av 16th St,-75.145352,40.051036
K,Chelten Av 17th St,-75.146877,40.051227
K,Chelten Av & 18th St,-75.148496,40.051418
K,Stenton Av & Chelten Av,-75.149679,40.051385
K,Stenton Av & Ogontz Av - FS,-75.150446,40.05177
K,20th St & Chelten Av,-75.151818,40.051773
K,Chelten Av & Limekiln Pk,-75.152882,40.051793
K,Chelten Av & 21st St,-75.155247,40.051897
K,Chelten Av & Wister St,-75.15767,40.052
K,Chelten Av & Anderson St,-75.159021,40.051218
K,Chelten Av & Ardleigh St,-75.160493,40.049775
K,Chelten Av & Sprague St,-75.161633,40.048671
K,Chelten Av & Boyer St,-75.163152,40.047192
K,Chelten Av & Chew Av - FS,-75.165027,40.045375
K,Chelten Av & McMahon St,-75.166071,40.044351
K,Chelten Av & Musgrave St,-75.167175,40.043265
K,Chelten Av & Magnolia St,-75.16867,40.041804
K,Chelten Av & Morton St,-75.169761,40.040735
K,Chelten Av & Baynton St,-75.171589,40.038954
K,Chelten Av & Lena St,-75.173072,40.03752
K,Chelten Av & Kenyon St,-75.17389,40.036763
K,Chelten Av & Germantown Av,-75.174685,40.035944
K,Chelten Av & Greene St - FS,-75.176726,40.03402
K,Chelten Av & Knox St,-75.177734,40.033004
K,Wayne Av & Chelten Av - FS,-75.178638,40.031516
K,Wayne Av & Chelten Av,-75.178684,40.031703
K,Wayne Av & School House Ln,-75.176833,40.030495
K,Wayne Av & Coulter St,-75.174744,40.029277
K,Penn St & Wayne Av - FS detour,-75.173789,40.028587
K,Penn St & Pulaski Av - detour,-75.175047,40.027358
K,Penn St & Morris St - detour,-75.176245,40.026218
K,King St & Queen Ln - detour,-75.177472,40.023472
K,Queen Ln & Wissahickon Av - detour,-75.178149,40.022688
K,Queen Ln & Stokley St - detour,-75.181125,40.020052
K,Queen Ln & Fox St - detour,-75.182973,40.018779
K,Fox St & Midvale Av - detour,-75.184223,40.019665
K,Midvale Av & McMichael St,-75.186153,40.018536
K,Midvale Av & Henry Av,-75.188167,40.017165
K,Midvale Av & Vaux St - FS,-75.190123,40.015509
K,Midvale Av & Warden Dr,-75.191841,40.014298
K,Midvale Av & Cresson St - FS,-75.192996,40.011605
K,Midvale Av & Creswell St,-75.193262,40.00991
K,Midvale Av & Ridge Av,-75.193915,40.009072
K,River Rd & Midvale Av,-75.194082,40.008447
K,River Rd & Midvale Av,-75.194082,40.008447
K,Midvale Av & River Rd - FS,-75.194153,40.00859
K,Midvale Av & Creswell St,-75.193121,40.00982
K,Midvale Av & Cresson St,-75.192831,40.011587
K,Midvale Av & Conrad St,-75.191842,40.014102
K,Midvale Av & Vaux St,-75.189982,40.015437
K,Midvale Av & Henry Av,-75.188464,40.016844
K,Midvale Av & McMichael St,-75.186178,40.018339
K,Midvale Av & Fox St,-75.184389,40.019585
K,Fox St & Queen Ln - detour,-75.18321,40.01861
K,Queen Ln & Stokley St - detour,-75.18122,40.01982
K,Queen Ln & Wissahickon Av - detour,-75.178149,40.022474
K,Queen Ln & Laurens St - detour,-75.176762,40.023819
K,Queen Ln & Morris St - detour,-75.175184,40.025359
K,Queen Ln & Pulaski Av - detour,-75.17401,40.02649
K,Queen Ln & Wayne Av - detour,-75.172562,40.027898
K,Wayne Av & Coulter St - FS,-75.174709,40.029384
K,Wayne Av & School House Ln,-75.176549,40.030467
K,Wayne Av & Chelten Av,-75.178684,40.031703
K,Chelten Av & Knox St,-75.177711,40.032808
K,Chelten Av & Greene St,-75.17656,40.034002
K,Chelten Av & Germantown Av,-75.174781,40.035676
K,Chelten Av & Kenyon St,-75.173891,40.036549
K,Chelten Av & Lena St - FS,-75.172989,40.037431
K,Chelten Av & Baynton St,-75.171649,40.038722
K,Chelten Av & Morton St,-75.169869,40.040486
K,Chelten Av & Magnolia St,-75.168753,40.041581
K,Chelten Av & Musgrave St,-75.167211,40.043086
K,Chelten Av & McMahon St,-75.166107,40.044173
K,Chelten Av & Chew Av,-75.164837,40.045366
K,Chelten Av & Boyer St,-75.163188,40.046978
K,Chelten Av & Sprague St,-75.161669,40.048457
K,Chelten Av & Ardleigh St,-75.160529,40.049561
K,Chelten Av & Anderson St,-75.159058,40.051004
K,Chelten Av & Wister St,-75.158179,40.051858
K,Wyncote Av & 65th Av,-75.156685,40.053123
K,Wyncote Av & Stenton Av,-75.15557,40.053977
K,Wyncote Av & 66th Av,-75.154514,40.054796
K,66th Av & Limekiln Pk,-75.152811,40.054765
K,66th Av & 20th St,-75.151381,40.054682
K,66th Av & Ogontz Av,-75.149891,40.054598
K,66th Av & 18th St,-75.148,40.05438
K,66th Av & 17th St,-75.146439,40.054171
K,66th Av & 16th St,-75.144856,40.053962
K,66th Av & 15th St,-75.143284,40.053762
K,66th Av & Old York Rd,-75.141972,40.05359
K,66th Av & Broad St - FS,-75.141239,40.05349
K,66th Av & 13th St,-75.139442,40.053263
K,66th Av & 12th St,-75.13787,40.053063
K,66th Av & 11th St,-75.136783,40.052926
K,66th Av & Lawnton Av,-75.135376,40.052744
K,66th Av & 10th St,-75.133923,40.052554
K,66th Av & 8th St,-75.131972,40.052299
K,66th Av & 7th St,-75.130873,40.052163
K,66th Av & 6th St,-75.129207,40.051944
K,66th Av & 5th St,-75.127268,40.05169
K,5th St & 65th Av,-75.127546,40.050289
K,5th St & 64th Av,-75.127835,40.049005
K,5th St & Chelten Av,-75.128221,40.047265
K,Godfrey Av & 5th St - FS,-75.128228,40.045543
K,Godfrey Av & 4th St,-75.126739,40.045343
K,Godfrey Av & 3rd St,-75.125711,40.045215
K,Godfrey Av & 2nd St,-75.123655,40.04496
K,Godfrey Av & Front St,-75.119684,40.044442
K,Front St & Spencer St,-75.119856,40.043023
K,Champlost Av & Front St - FS,-75.119544,40.041282
K,Champlost Av & Ella St,-75.117819,40.041072
K,Champlost Av & Hammond Av,-75.115773,40.041067
K,Crescentville Rd & Adams Av,-75.113852,40.042294
K,Adams Av & Rising Sun Av - FS,-75.109884,40.03875
K,Adams Av & Hill Creek Dr,-75.109157,40.0374
K,Adams Av & Bingham St,-75.108669,40.035507
K,Adams Av & Tabor Rd,-75.107,40.033155
K,Adams Av & Montour St,-75.105599,40.031822
K,Adams Av & Whitaker Av,-75.104092,40.030586
K,Roosevelt Blvd & Adams Av,-75.102089,40.029171
K,Roosevelt Blvd & Langdon St,-75.099224,40.027378
K,Roosevelt Blvd & Summerdale Av - FS,-75.096559,40.026006
K,Roosevelt Blvd & Foulkrod St,-75.095058,40.025993
K,Foulkrod St & Ramona St - FS,-75.094599,40.025572
K,Foulkrod St & Castor Av - FS,-75.09254,40.023416
K,Foulkrod St & Rutland St,-75.091562,40.02286
K,Foulkrod St & Large St,-75.090501,40.02225
K,Foulkrod St & Horrocks St,-75.088756,40.021245
K,Foulkrod St & Oakland St,-75.087436,40.02051
K,Foulkrod St & Leiper St,-75.085196,40.01921
K,Foulkrod St & Penn St,-75.084465,40.018815
K,Oxford Av & Frankford Av,-75.083895,40.016939
K,Arrott Transit Center,-75.084202,40.016869
204,Paoli Regional Rail Station,-75.484057,40.042367
204,Lancaster Av & Plank Av,-75.488006,40.041821
204,Lancaster Av & Cedar Hollow Rd,-75.492735,40.041649
204,Lancaster Av & Central Av,-75.498316,40.041994
204,Lancaster Av & Chester Valley Rehab,-75.503602,40.042473
204,Lancaster Av & Woodview Way,-75.50955,40.04313
204,Brennan Blvd & Morehall Rd - MBFS,-75.521886,40.046228
204,Foundary Way & Carnegie Blvd,-75.520824,40.047353
204,Matthews Rd & Morehall Rd - MBNS,-75.523346,40.050216
204,Morehall Rd & Brennan Blvd,-75.523578,40.046512
204,Lancaster Av & Morehall Rd - FS,-75.525501,40.04386
204,Lancaster Av & Conestoga Rd - MBFS,-75.53127,40.042677
204,Lancaster Av & Malin Rd - MBFS,-75.541459,40.040678
204,Lancaster Av & Westgate Village Dr - FS,-75.550584,40.038992
204,Lancaster Av & Church Rd - FS,-75.55725,40.037897
204,Lancaster Av & Sproul Rd - MBNS,-75.558988,40.037609
204,Lancaster Av & Aspen Ln - MBFS,-75.563846,40.036801
204,Lancaster Av & Planebrook Rd - FS,-75.571315,40.035356
204,Lancaster Av & Lockwood Ln,-75.580687,40.033756
204,Lincoln Hwy & Rt 202,-75.583334,40.033423
204,Lincoln Hwy & Valley Creek Blvd - FS,-75.592293,40.03218
204,Lincoln Hwy & Church Farm Ln,-75.594586,40.031856
204,Lincoln Hwy & Springdale Dr - MBNS,-75.599904,40.031099
204,Lincoln Hwy & Belden Blvd,-75.605234,40.030342
204,Lincoln Hwy & Ship Rd - MBNS,-75.607574,40.030151
204,Springdale Dr & Old Lincoln Hwy - MBFS,-75.600137,40.029867
204,Springdale Dr & Springdale Dr - 1,-75.599389,40.028485
204,Springdale Dr & Springdale Dr - 2,-75.602887,40.02773
204,Springdale Dr & Belden Blvd - FS,-75.606118,40.02935
204,Lincoln Hwy & Ship Rd - MBFS,-75.610777,40.029843
204,Lincoln Hwy & Exton Square Pkwy - MBNS,-75.620551,40.028972
204,Exton Square Mall & County Library,-75.621256,40.031595
204,Exton Square Mall & North Entrance,-75.626178,40.033006
204,Swedesford Rd & Pottstown Pk - MBNS,-75.627716,40.033718
204,Pottstown Pk & Sunrise Blvd - FS,-75.63214,40.038736
204,Pottstown Pk & Ship Rd - FS,-75.635886,40.050109
204,Gordon Dr & Pickering Way,-75.648065,40.057613
204,Welsh Pool Dr & Pickering Way - FS,-75.644331,40.05878
204,Welsh Pool Rd & Phillips Rd,-75.646033,40.062445
204,Welsh Pool Rd & Gordon Dr,-75.650987,40.061722
204,Uwchlan Av & Gordon Dr - FS,-75.652147,40.062149
204,Uwchlan Av & Sheree Blvd - FS,-75.654221,40.059896
204,Uwchlan Av & Marsh Creek Dr - MBNS,-75.655235,40.058841
204,Uwchlan Av & Marsh Creek Dr,-75.656402,40.057607
204,Uwchlan Av & Pottstown Pk - MBFS,-75.658712,40.055202
204,Eagleview Blvd & Mukolian Dr - MBNS,-75.662755,40.050946
204,Eagleview Blvd & Dowlin Forge Rd,-75.66378,40.053551
204,Eagleview Blvd & Sherree Blvd,-75.6649,40.05603
204,Eagleview Blvd & Wharton Blvd,-75.672976,40.05912
204,Eagleview Blvd & Wharton Blvd - MBFS,-75.675408,40.061285
204,Eagleview Blvd & Pennsylvania Dr - FS,-75.678544,40.065116
204,Constitution Dr & Eagleview Blvd,-75.67944,40.067828
204,Constitution Dr & Eagleview Blvd,-75.67944,40.067828
204,Eagleview Blvd & Constitution Dr - FS,-75.677662,40.066617
204,Eagleview Blvd & Pennsylvania Dr - FS,-75.679039,40.064758
204,Eagleview Blvd & Wharton Blvd - MBNS,-75.675668,40.061186
204,Eagleview Blvd & Wharton Blvd - FS,-75.672821,40.058674
204,Eagleview Blvd & Sheree Blvd - MBNS,-75.670001,40.057154
204,Eagleview Blvd & Sherree Blvd,-75.665528,40.05627
204,Eagleview Blvd & Dowlin Forge Rd - FS,-75.664051,40.053229
204,Eagleview Blvd & Mukolian Dr - FS,-75.663169,40.050892
204,Uwchlan Av & Holmes,-75.658794,40.054943
204,Uwchlan Av & Pottstown Pk - FS,-75.656366,40.057438
204,Uwchlan Av & Sheree Blvd,-75.653867,40.060075
204,Uwchlan Av & Gordon Dr - MBNS,-75.652311,40.061747
204,Welsh Pool Rd & Gordon Dr - FS,-75.650454,40.06175
204,Welsh Pool Rd & Phillips Dr - FS,-75.64621,40.06232
204,Welsh Pool Rd & Pickering Way,-75.644484,40.05861
204,Gordon Dr & Pickering Way - FS,-75.648064,40.057327
204,Pottstown Pk & Marchwood Blvd,-75.636098,40.04994
204,Pottstown Pk & Sunrise Blvd,-75.632269,40.038272
204,Exton Square Mall & County Library,-75.621326,40.031309
204,Lincoln Hwy & Exton Square Pkwy - MBFS,-75.618754,40.028975
204,Lincoln Hwy & Ship Rd,-75.60976,40.029818
204,Springdale Dr & Beldon Blvd - FS,-75.605645,40.029261
204,Springdale Dr & Springdale Dr - 1,-75.602495,40.027213
204,Springdale Dr & Springdale Dr - 2,-75.599389,40.02819
204,Springdale Dr & Lincoln Hwy - MBNS,-75.600055,40.029965
204,Lincoln Hwy & Springdale Dr,-75.600991,40.030848
204,Lincoln Hwy & Valley Creek Blvd,-75.592186,40.032091
204,Lancaster Av & Lockwood Ln - FS,-75.580781,40.033542
204,Lancaster Av & Planebrook Rd,-75.570996,40.035294
204,Lancaster Av & Aspen Ln - MBNS,-75.563822,40.036676
204,Lancaster Av & Sproul Rd - FS,-75.559177,40.03744
204,Lancaster Av & Church Rd - FS,-75.556376,40.037906
204,Lancaster Av & Westgate Village Dr,-75.548551,40.039164
204,Lancaster Ave & Malin Rd - MBNS,-75.541873,40.040428
204,Lancaster Av & Conestoga Rd,-75.531199,40.042552
204,Brennan Blvd & Morehall Rd - MBFS,-75.521886,40.046228
204,Foundary Way & Carnegie Blvd,-75.520824,40.047353
204,Matthews Rd & Morehall Rd - MBNS,-75.523346,40.050216
204,Morehall Rd & Brennan Blvd,-75.523578,40.046512
204,Lancaster Av & Morehall Rd - FS,-75.522581,40.0438
204,Lancaster Av & Woodview Way - MBNS,-75.511938,40.043075
204,Lancaster Av & Cedar Hollow Rd,-75.493184,40.041506
204,Lancaster Av & Plank Av,-75.488218,40.041678
204,Paoli Regional Rail Station,-75.484057,40.042367
310,Willow Grove Station,-75.114103,40.143831
310,Willow Grove Park Mall,-75.122493,40.142263
310,Moreland Rd & Center Av - MBFS,-75.120923,40.143803
310,Moreland Rd & Fitzwatertown Rd,-75.129415,40.148876
310,Moreland Rd & Kimball Av,-75.134259,40.151717
310,Welsh Rd & Computer Av - MBNS,-75.138889,40.154486
310,Welsh Rd & Computer Av - FS,-75.139823,40.155059
310,Welsh Rd & Blair Mill Rd - MBNS 1,-75.141169,40.155928
310,Welsh Rd & Blair Mill Rd - MBNS 2,-75.142209,40.156502
310,Welsh Rd & Dryden Rd - MBNS,-75.146084,40.15876
310,Electronic Dr & Welsh Rd - MBFS,-75.146891,40.161403
310,Electronic Dr & UPS,-75.145345,40.163096
310,Electronic Dr & Welsh Rd - MBNS,-75.147437,40.161057
310,Dresher Rd & Welsh Rd - MBFS,-75.148264,40.164629
310,Village Dr & Dresher Rd - MBFS,-75.14871,40.165763
310,255 Business Center Dr,-75.149272,40.167487
310,800 Business Center Dr,-75.152252,40.168708
310,455 555 Business Center Dr,-75.150797,40.168214
310,250 Business Center Dr,-75.149154,40.167335
310,Manor Dr & Witmer Rd - MBNS,-75.146134,40.170256
310,Witmer Rd & Dresher Rd - MBNS,-75.143384,40.170759
310,Walnut Grove Drive - culdesac,-75.14114,40.166005
310,5 Walnut Grove,-75.142475,40.167008
310,Welsh Rd & Dryden Rd - MBNS,-75.147479,40.159441
310,Welsh Rd & Computer Rd,-75.139551,40.154746
310,Welsh Rd & Computer Rd,-75.139551,40.154746
310,Moreland Rd & Kimball Av,-75.134566,40.151726
310,Moreland Rd & Fitzwatertown Rd,-75.129795,40.148805
310,Moreland Rd & Coolidge Av - MBFS,-75.122637,40.144602
310,Moreland Rd & Park Av,-75.119672,40.142801
310,Willow Grove Park Mall,-75.122493,40.142263
310,Moreland Rd & Park Av,-75.119672,40.142801
310,Willow Grove Station,-75.114103,40.143831
311,Willow Grove Station,-75.114103,40.143831
311,Willow Grove Park Mall,-75.122493,40.142263
311,Moreland Rd & Center Av - MBFS,-75.120923,40.143803
311,Moreland Rd & Fitzwatertown Rd,-75.129415,40.148876
311,Moreland Rd & Kimball Av,-75.134259,40.151717
311,Welsh Rd & Computer Av - MBNS,-75.138889,40.154486
311,Computer Dr & Welsh Rd - MBFS,-75.136906,40.15582
311,Computer Dr & Walmart Entrance,-75.135798,40.15746
311,Maryland Rd & Computer Dr - MBFS,-75.132555,40.159773
311,Maryland Rd & Commerce Av - MBNS,-75.130976,40.160831
311,Commerce Av & Maryland Rd - MBNS,-75.131881,40.162538
311,Commerce Av & Blair Mill Rd,-75.135024,40.164384
311,Witmer Rd & Blair Mill Rd - MBFS,-75.136639,40.166218
311,Witmer Rd & Prudential Rd,-75.138739,40.16824
311,Witmer Rd & Dresher Rd - MBNS,-75.141421,40.169799
311,Dresher Rd & Witmer Rd - MBFS,-75.140985,40.172208
311,Dresher Rd & Gibraltar Rd - MBNS,-75.139676,40.17358
311,Gibraltar Rd & Dresher Rd - MBFS,-75.137163,40.174136
311,Prudential Rd & Gibralter Rd - FS,-75.134824,40.172551
311,Prudential Rd & Lakeside Dr,-75.136478,40.170814
311,Prudential Rd & Rock Rd,-75.137358,40.169968
311,Witmer Rd & Blair Mill Rd - MBNS,-75.136746,40.166111
311,Witmer Rd & Blair Mill Rd,-75.135438,40.164501
311,Blair Mill Rd & Witmer Rd - 1 MBFS,-75.136472,40.163433
311,Blair Mill Rd & Witmer Rd - 2 MBFS,-75.137697,40.162257
311,Blair Mill Rd & Welsh Rd - MBNS,-75.14036,40.159711
311,Moreland Rd & Kimball Av,-75.134566,40.151726
311,Moreland Rd & Fitzwatertown Rd,-75.129795,40.148805
311,Moreland Rd & Coolidge Av - MBFS,-75.122637,40.144602
311,Willow Grove Park Mall,-75.122493,40.142263
311,Moreland Rd & Park Av,-75.119672,40.142801
311,Willow Grove Station,-75.114103,40.143831
312,Cornwells Heights Station,-74.952222,40.072006
312,Cornwells Heights Station Lot,-74.958569,40.069307
312,Cornwells Heights Station Lot,-74.958569,40.069307
312,Cornwells Heights Station,-74.952222,40.072006
316,JFK Blvd & 30th St,-75.183284,39.955796
316,34th St & Market St - FS,-75.191587,39.955705
316,34th St & Spruce St,-75.192619,39.950638
316,38th St & Spruce St,-75.199124,39.95106
316,Walnut St & 40th St,-75.202374,39.954154
316,Presbyterian Medical Center,-75.198902,39.957807
316,Market St & 34th St - MBNS,-75.192106,39.955858
316,Market St & 34th St,-75.191326,39.955919
316,Presbyterian Medical Center,-75.199079,39.957843
316,40th St & Walnut St - FS,-75.202633,39.954262
316,Spruce St & 38th St,-75.19949,39.951231
316,33rd St & Spruce St,-75.191912,39.95011
316,33rd St & Walnut St,-75.190003,39.9524
316,JFK Blvd & 30th St,-75.183284,39.955796
T2,Elmwood Av & 73rd St,-75.241816,39.914129
T2,Woodland Av & Island Av,-75.246376,39.917099
T2,49th St & Woodland Av,-75.212429,39.940794
T2,Woodland Av & 50th St,-75.213907,39.939886
T2,61st-Baltimore,-75.246342,39.943963
T2,Baltimore Av & 60th St,-75.244429,39.944299
T2,Baltimore Av & 59th St,-75.241899,39.945197
T2,Baltimore Av & 58th St,-75.240304,39.945783
T2,Baltimore Av & 57th St,-75.237327,39.946386
T2,Baltimore Av & 56th St,-75.235602,39.946785
T2,Baltimore Av & 55th St,-75.233746,39.947246
T2,Baltimore Av & 54th St,-75.231466,39.947742
T2,Baltimore Av & 53rd St,-75.229612,39.947766
T2,Baltimore Av & Broomall St,-75.227912,39.947727
T2,Baltimore Av & 51st St,-75.225456,39.947715
T2,Baltimore Av & 50th St,-75.223377,39.947872
T2,Baltimore Av & 49th St,-75.221404,39.948101
T2,Baltimore Av & 49th St,-75.221404,39.948101
T2,Baltimore Av & Florence Av,-75.219503,39.948312
T2,Baltimore Av & 47th St,-75.217188,39.94854
T2,Baltimore Av & 46th St,-75.215061,39.948786
T2,Baltimore Av & 45th St,-75.213018,39.949006
T2,Baltimore Av & 44th St,-75.21127,39.949181
T2,Baltimore Av & 43rd St,-75.20932,39.949481
T2,Baltimore Av & 42nd St,-75.207265,39.949736
T2,40th St Portal,-75.203333,39.949533
T2,40th St Portal,-75.203333,39.949533
T2,40th-Market,-75.202021,39.957259
T2,37th-Spruce,-75.196586,39.950993
T2,36th-Sansom,-75.194533,39.953854
T2,33rd St,-75.189523,39.954782
T2,Drexel Station at 30th St,-75.1835,39.954815
T2,22nd St,-75.176736,39.953962
T2,19th St,-75.171637,39.953327
T2,15th St/City Hall,-75.165369,39.952502
T2,13th St,-75.162559,39.952532
T2,13th St,-75.162559,39.952532
T2,15th St/City Hall,-75.165345,39.952672
T2,19th St,-75.171483,39.953425
T2,22nd St,-75.176571,39.954051
T2,Drexel Station at 30th St,-75.183169,39.954894
T2,33rd St,-75.189499,39.954871
T2,36th-Sansom,-75.194722,39.95389
T2,37th-Spruce,-75.197306,39.951048
T2,40th St Portal,-75.203333,39.949595
T2,40th-Market,-75.202021,39.957259
T2,42nd St & Baltimore Av,-75.207241,39.949879
T2,Baltimore Av & 42nd St,-75.206945,39.949861
T2,Baltimore Av & 43rd St,-75.209154,39.949641
T2,Baltimore Av & 44th St,-75.211092,39.949332
T2,Baltimore Av & 45th St,-75.212828,39.949148
T2,Baltimore Av & 46th St,-75.214884,39.948937
T2,Baltimore Av & 47th St,-75.21701,39.948691
T2,Baltimore Av & 48th St,-75.219101,39.948472
T2,Baltimore Av & 49th St,-75.221109,39.948261
T2,Baltimore Av & 49th St,-75.221109,39.948261
T2,Baltimore Av & 50th St,-75.223199,39.948041
T2,Baltimore Av & 51st St,-75.225266,39.94783
T2,Baltimore Av & 52nd St,-75.227309,39.947842
T2,Baltimore Av & 53rd St,-75.229317,39.947846
T2,Baltimore Av & 54th St,-75.232139,39.947797
T2,Baltimore Av & 55th St,-75.233522,39.947442
T2,Baltimore Av & 56th St,-75.235519,39.946936
T2,Baltimore Av & 57th St,-75.237763,39.946431
T2,Baltimore Av & 58th St,-75.239937,39.945988
T2,Baltimore Av & 59th St,-75.241698,39.945411
T2,Baltimore Av & 60th St,-75.244322,39.944468
T2,61st-Baltimore,-75.246342,39.943963
T2,Woodland Av & Island Av,-75.246245,39.917304
T2,Elmwood Av & 73rd St,-75.241732,39.914335
T3,Darby Transit Center,-75.262376,39.919085
T3,9th St & Main St - MBFS,-75.261845,39.918924
T3,9th St & Ridge Av,-75.260545,39.919921
T3,9th St & Summit St,-75.258866,39.921142
T3,9th St & Summit St - MBFS,-75.257482,39.92205
T3,9th St & Cedar Av,-75.255994,39.922566
T3,Chester Av & Alfred Av,-75.254279,39.923697
T3,Yeadon,-75.252542,39.924525
T3,Chester Av & Stetser Av,-75.250817,39.925102
T3,Chester Av & Duncan Av,-75.249175,39.925617
T3,Chester Av & Yeadon Av,-75.247486,39.92607
T3,Chester Av & Church Ln,-75.246565,39.92631
T3,Chester Av & 65th St,-75.244762,39.929359
T3,65th St & Belmar Av,-75.24108,39.92905
T3,65th St & Chester Av,-75.238897,39.928628
T3,65th St & Kingsessing Av,-75.23714,39.927902
T3,Mt. Moriah,-75.235461,39.92889
T3,Kingsessing Av & 62nd St,-75.233888,39.929994
T3,Kingsessing Av & 61st St,-75.232386,39.931045
T3,Kingsessing Av & 60th St,-75.230316,39.932479
T3,60th St & Chester Av,-75.231399,39.933632
T3,Chester Av & 59th St,-75.229944,39.934754
T3,Chester Av & 58th St,-75.228572,39.935653
T3,Chester Av & 57th St,-75.227187,39.936642
T3,Chester Av & 56th St,-75.225661,39.937701
T3,Chester Av & 55th St,-75.224301,39.938654
T3,Chester Av & 54th St,-75.222952,39.939607
T3,Chester Av & 53rd St,-75.221556,39.940577
T3,Chester Av & 52nd St,-75.220184,39.941539
T3,Chester Av & 51st St,-75.219048,39.942349
T3,Chester Av & 49th St,-75.216622,39.944041
T3,Chester Av & 48th St,-75.215344,39.944958
T3,Chester Av & 47th St,-75.213984,39.945901
T3,Chester Av & 46th St,-75.212682,39.946827
T3,Chester Av & 45th St,-75.211428,39.9477
T3,Chester Av & 43rd St,-75.209135,39.948356
T3,Chester Av & 42nd St,-75.207151,39.948424
T3,40th St Portal,-75.203333,39.949533
T3,40th-Market,-75.202021,39.957259
T3,37th-Spruce,-75.196586,39.950993
T3,36th-Sansom,-75.194533,39.953854
T3,33rd St,-75.189523,39.954782
T3,Drexel Station at 30th St,-75.1835,39.954815
T3,22nd St,-75.176736,39.953962
T3,19th St,-75.171637,39.953327
T3,15th St/City Hall,-75.165369,39.952502
T3,13th St,-75.162559,39.952532
T3,13th St,-75.162559,39.952532
T3,15th St/City Hall,-75.165345,39.952672
T3,19th St,-75.171483,39.953425
T3,22nd St,-75.176571,39.954051
T3,Drexel Station at 30th St,-75.183169,39.954894
T3,33rd St,-75.189499,39.954871
T3,36th-Sansom,-75.194722,39.95389
T3,37th-Spruce,-75.197306,39.951048
T3,40th St Portal,-75.203333,39.949595
T3,40th-Market,-75.202021,39.957259
T3,42nd St & Chester Av,-75.207174,39.948594
T3,Chester Av & 42nd St,-75.206879,39.948549
T3,Chester Av & 43rd St,-75.208945,39.948481
T3,Chester Av & 45th St,-75.211403,39.947878
T3,Chester Av & 46th St,-75.212658,39.947006
T3,Chester Av & 47th St,-75.213959,39.94608
T3,Chester Av & 48th St,-75.215285,39.945154
T3,Chester Av & 49th St,-75.216527,39.944281
T3,Chester Av & 51st St,-75.219012,39.942519
T3,Chester Av & 52nd St,-75.220124,39.941726
T3,Chester Av & 53rd St,-75.221485,39.940764
T3,Chester Av & 54th St,-75.222893,39.939785
T3,Chester Av & 55th St,-75.224253,39.938832
T3,Chester Av & 56th St,-75.225625,39.937871
T3,Chester Av & 57th St,-75.227163,39.936802
T3,Chester Av & 58th St,-75.2285,39.935832
T3,Chester Av & 59th St,-75.229849,39.93495
T3,Chester Av & 60th St,-75.231469,39.933784
T3,60th St & Kingsessing Av,-75.230339,39.932595
T3,Kingsessing Av & 61st St,-75.232291,39.93125
T3,Kingsessing Av & 62nd St,-75.233793,39.9302
T3,Mt. Moriah,-75.235413,39.929069
T3,Kingsessing Av & 65th St,-75.236963,39.927982
T3,65th St & Chester St,-75.238223,39.92893
T3,65th St & Belmar St,-75.240879,39.929104
T3,Chester Av & 65th St - FS,-75.244703,39.929565
T3,Chester Av & Church Ln,-75.246044,39.926577
T3,Chester Av & Yeadon Av,-75.247368,39.926213
T3,Chester Av & Duncan Av,-75.249045,39.92576
T3,Chester Av & Stetser Av,-75.250699,39.925245
T3,Yeadon,-75.252447,39.924685
T3,Chester Av & Alfred Av,-75.254161,39.923875
T3,Chester Av & Cedar Av,-75.255946,39.923012
T3,10th St & Mulberry Av,-75.257349,39.923621
T3,10th St & Wycombe Av,-75.258471,39.923096
T3,10th St & Summit St,-75.259641,39.922553
T3,10th St & Ridge Av,-75.261462,39.921306
T3,10th St & Main St,-75.263141,39.920121
T3,Darby Transit Center,-75.262376,39.919085
T4,Darby Transit Center,-75.262376,39.919085
T4,Main St & Mill St,-75.260053,39.918091
T4,Main St & Summit St,-75.257315,39.918088
T4,Main St & 6th St,-75.255852,39.917791
T4,Main St & 5th St,-75.254613,39.917504
T4,Main St & 4th St,-75.253044,39.917144
T4,Main St & 3rd St,-75.251841,39.916866
T4,Main St & 2nd St,-75.250567,39.916579
T4,Main St & Front St,-75.24921,39.916363
T4,Woodland Av & Island Av,-75.246376,39.917099
T4,Woodland Av & 72nd St,-75.244412,39.918432
T4,Woodland Av & 71st St,-75.243077,39.919361
T4,Woodland Av & 70th St,-75.24148,39.920483
T4,Woodland Av & 69th St,-75.240097,39.921463
T4,Woodland Av & 68th St,-75.238441,39.922621
T4,Woodland Av & 67th St,-75.236927,39.923689
T4,Woodland Av & 66th St,-75.235614,39.924615
T4,Woodland Av & 65th St,-75.234396,39.925479
T4,Woodland Av & 64th St,-75.233142,39.926352
T4,Woodland Av & 63rd St,-75.231782,39.927314
T4,Woodland Av & 62nd St,-75.230765,39.928017
T4,Woodland Av & 61st St,-75.229287,39.929041
T4,Woodland Av & 60th St,-75.227642,39.930217
T4,Woodland Av & 58th St,-75.224673,39.932309
T4,Woodland Av & 57th St,-75.223289,39.933297
T4,Woodland Av & 56th St,-75.22181,39.934339
T4,Woodland Av & 55th St,-75.22045,39.935292
T4,Woodland Av & 54th St,-75.219054,39.936262
T4,Woodland Av & 53rd St,-75.217681,39.937242
T4,Woodland Av & 52nd St,-75.216297,39.938203
T4,Woodland Av & 51st St,-75.215197,39.938987
T4,Woodland Av & 50th St,-75.213907,39.939886
T4,Woodland Av & 49th St,-75.212665,39.940767
T4,Woodland Av & 48th St,-75.211728,39.941953
T4,Woodland Av & 47th St,-75.210839,39.943245
T4,Woodland Av & 46th St,-75.209797,39.944323
T4,Woodland Av & 45th St,-75.208565,39.94541
T4,Woodland Av & 42nd St,-75.207121,39.946675
T4,40th St Portal,-75.203333,39.949533
T4,40th-Market,-75.202021,39.957259
T4,37th-Spruce,-75.196586,39.950993
T4,36th-Sansom,-75.194533,39.953854
T4,33rd St,-75.189523,39.954782
T4,Drexel Station at 30th St,-75.1835,39.954815
T4,22nd St,-75.176736,39.953962
T4,19th St,-75.171637,39.953327
T4,15th St/City Hall,-75.165369,39.952502
T4,13th St,-75.162559,39.952532
T4,13th St,-75.162559,39.952532
T4,15th St/City Hall,-75.165345,39.952672
T4,19th St,-75.171483,39.953425
T4,22nd St,-75.176571,39.954051
T4,Drexel Station at 30th St,-75.183169,39.954894
T4,33rd St,-75.189499,39.954871
T4,36th-Sansom,-75.194722,39.95389
T4,37th-Spruce,-75.197306,39.951048
T4,40th-Market,-75.202021,39.957259
T4,40th St Portal,-75.203333,39.949595
T4,Woodland Av & 42nd St,-75.206907,39.946987
T4,Woodland Av & 43rd St,-75.20834,39.945767
T4,Woodland Av & 46th St,-75.209725,39.944537
T4,Woodland Av & 48th St,-75.211716,39.942176
T4,Woodland Av & 49th St,-75.212582,39.940955
T4,Woodland Av & 50th St,-75.213848,39.940064
T4,Woodland Av & 51st St,-75.215102,39.939192
T4,Woodland Av & 52nd St,-75.216214,39.938408
T4,Woodland Av & 53rd St,-75.217598,39.937438
T4,Woodland Av & 54th St,-75.218947,39.936485
T4,Woodland Av & 55th St,-75.220308,39.935524
T4,Woodland Av & 56th St,-75.221703,39.934553
T4,Woodland Av & 57th St,-75.223218,39.933485
T4,Woodland Av & 58th St,-75.224448,39.93263
T4,Woodland Av & 60th St,-75.227535,39.930457
T4,Woodland Av & 61st St,-75.229191,39.929282
T4,Woodland Av & 62nd St,-75.230599,39.928267
T4,Woodland Av & 63rd St,-75.231675,39.927519
T4,Woodland Av & 64th St,-75.233047,39.926557
T4,Woodland Av & 65th St,-75.234289,39.925684
T4,Woodland Av & 66th St,-75.235531,39.924803
T4,Woodland Av & 67th St,-75.236856,39.923886
T4,Woodland Av & 68th St,-75.23837,39.922817
T4,Woodland Av & 69th St,-75.240037,39.921641
T4,Woodland Av & 70th St,-75.241397,39.920688
T4,Woodland Av & 71st St,-75.242958,39.919584
T4,Woodland Av & 72nd St,-75.244342,39.918622
T4,Woodland Av & Island Av,-75.246245,39.917304
T4,Main St & Front St,-75.248915,39.916451
T4,Main St & 2nd St,-75.250319,39.916614
T4,Main St & 3rd St,-75.251534,39.916892
T4,Main St & 4th St,-75.252737,39.917171
T4,Main St & 5th St,-75.254295,39.91753
T4,Main St & 6th St,-75.255486,39.917808
T4,Main St & Summit St,-75.25709,39.91815
T4,Main St & Powell Av,-75.260608,39.918244
T4,Darby Transit Center,-75.262376,39.919085
T5,80th St/Eastwick,-75.23926,39.898748
T5,Island Av & Suffolk Av - M,-75.23927,39.899471
T5,Island Av & Lindbergh Blvd,-75.240461,39.904257
T5,Island Av & 76th St,-75.241432,39.907284
T5,Island Av & Tanager St - F,-75.242029,39.90915
T5,Island Av & Buist Av,-75.242661,39.911186
T5,Elmwood Av & Island Av - M,-75.242998,39.913266
T5,Elmwood Loop,-75.242642,39.914015
T5,Elmwood Av & 73rd St,-75.241816,39.914129
T5,Elmwood Av & 72nd St,-75.240408,39.9151
T5,Elmwood Av & 71st St,-75.239013,39.91608
T5,Elmwood Av & 70th St,-75.237452,39.91713
T5,Elmwood Av & 69th St,-75.236081,39.918101
T5,Elmwood Av & 68th St,-75.234425,39.91925
T5,Elmwood Av & 67th St,-75.232911,39.920327
T5,Elmwood Av & 66th St,-75.231587,39.921236
T5,Elmwood Av & 65th St,-75.230404,39.922082
T5,Elmwood Av & 64th St,-75.229126,39.922972
T5,Elmwood Av & 63rd St,-75.227778,39.923934
T5,Elmwood Av & 62nd St,-75.22656,39.924842
T5,Elmwood Av & 61st St,-75.224868,39.926044
T5,Elmwood Av & 59th St,-75.221994,39.928039
T5,Elmwood Av & 58th St,-75.220586,39.928964
T5,Elmwood Av & 57th St,-75.219226,39.929935
T5,Elmwood Av & 56th St,-75.217747,39.930986
T5,Lindbergh Blvd & Wheeler S,-75.216232,39.932402
T5,Lindbergh Blvd & 54th St,-75.215532,39.9334
T5,Lindbergh Blvd & 53rd St,-75.214358,39.935121
T5,Grays Av & 51st St,-75.212251,39.936991
T5,49th St & Paschall Av,-75.211286,39.939819
T5,49th St & Woodland Av,-75.212429,39.940794
T5,Woodland Av & 48th St,-75.211728,39.941953
T5,Woodland Av & 46th St,-75.209797,39.944323
T5,Woodland Av & 45th St,-75.208565,39.94541
T5,Woodland Av & 42nd St,-75.207121,39.946675
T5,40th St Portal,-75.203333,39.949533
T5,40th-Market,-75.202021,39.957259
T5,37th-Spruce,-75.196586,39.950993
T5,36th-Sansom,-75.194533,39.953854
T5,33rd St,-75.189523,39.954782
T5,Drexel Station at 30th St,-75.1835,39.954815
T5,22nd St,-75.176736,39.953962
T5,19th St,-75.171637,39.953327
T5,15th St/City Hall,-75.165369,39.952502
T5,13th St,-75.162559,39.952532
T5,13th St,-75.162559,39.952532
T5,15th St/City Hall,-75.165345,39.952672
T5,19th St,-75.171483,39.953425
T5,22nd St,-75.176571,39.954051
T5,Drexel Station at 30th St,-75.183169,39.954894
T5,33rd St,-75.189499,39.954871
T5,36th-Sansom,-75.194722,39.95389
T5,37th-Spruce,-75.197306,39.951048
T5,40th-Market,-75.202021,39.957259
T5,40th St Portal,-75.203333,39.949595
T5,Woodland Av & 42nd St,-75.206907,39.946987
T5,Woodland Av & 43rd St,-75.20834,39.945767
T5,Woodland Av & 46th St,-75.209725,39.944537
T5,Woodland Av & 48th St,-75.211716,39.942176
T5,Woodland Av & 49th St,-75.212582,39.940955
T5,49th St & Paschall Av,-75.211652,39.93998
T5,Grays Av & 51st St,-75.212227,39.937188
T5,Grays Av & Lindbergh Blvd,-75.213682,39.936128
T5,Lindbergh Blvd & Grays Av,-75.214429,39.935282
T5,Lindbergh Blvd & 54th St,-75.215579,39.933588
T5,Elmwood Av & 56th St,-75.217711,39.931173
T5,Elmwood Av & 57th St,-75.219202,39.930131
T5,Elmwood Av & 58th St,-75.220539,39.929152
T5,Elmwood Av & 59th St,-75.221958,39.928226
T5,Elmwood Av & Edgewood Av,-75.22385,39.926935
T5,Elmwood Av & 61st St,-75.224844,39.926241
T5,Elmwood Av & 62nd St,-75.226441,39.925065
T5,Elmwood Av & 63rd St,-75.227671,39.924157
T5,Elmwood Av & 64th St,-75.229067,39.923204
T5,Elmwood Av & 65th St,-75.230285,39.922305
T5,Elmwood Av & 66th St,-75.231562,39.921432
T5,Elmwood Av & 67th St,-75.23284,39.920524
T5,Elmwood Av & 68th St,-75.234401,39.919446
T5,Elmwood Av & 69th St,-75.236056,39.918297
T5,Elmwood Av & 70th St,-75.237428,39.917327
T5,Elmwood Av & 71st St,-75.238965,39.916249
T5,Elmwood Av & 72nd St,-75.240349,39.915305
T5,Elmwood Av & 73rd St,-75.241732,39.914335
T5,Elmwood Av & Island Av,-75.243092,39.913284
T5,Elmwood Loop,-75.242642,39.914015
T5,Island Av & Buist Av - FS,-75.242744,39.911195
T5,Island Av & Tanager St,-75.2421,39.909132
T5,Island Av & 76th St,-75.24155,39.907391
T5,Island Av & Lindbergh Blvd,-75.240403,39.903855
T5,Island Av & Suffolk Av - M,-75.239352,39.899525
T5,80th St/Eastwick,-75.23926,39.898748
D1,69th St Transit Center,-75.259677,39.96217
D1,Fairfield Av,-75.263743,39.960882
D1,Walnut St,-75.2667,39.958851
D1,Avon Rd,-75.269301,39.957649
D1,Hilltop Rd,-75.273131,39.955896
D1,Beverly Blvd,-75.274822,39.955095
D1,Congress Av,-75.279101,39.953092
D1,Lansdowne Av,-75.282422,39.951694
D1,Drexel Park,-75.286772,39.949915
D1,Irvington Rd,-75.288982,39.948864
D1,Drexel Hill Junction,-75.292764,39.947092
D1,Huey Av,-75.29764,39.947597
D1,School Ln,-75.299799,39.948751
D1,Aronimink,-75.306304,39.949319
D1,Anderson Av,-75.312825,39.94796
D1,Drexelbrook,-75.316144,39.94724
D1,Drexeline,-75.321757,39.944666
D1,Scenic Rd,-75.32612,39.940752
D1,Springfield Rd,-75.32986,39.933963
D1,Saxer Av,-75.333645,39.928772
D1,Leamy Av,-75.337378,39.926338
D1,Woodland Av,-75.339812,39.924707
D1,Thomson Av,-75.345542,39.921159
D1,Springfield Mall,-75.348885,39.918278
D1,Paper Mill Rd,-75.358036,39.915428
D1,96 Signal - not a stop,-75.364681,39.915833
D1,Pine Ridge,-75.370004,39.915024
D1,Beatty Rd,-75.376967,39.916249
D1,Providence Rd,-75.380567,39.916786
D1,Manchester Av,-75.382738,39.917055
D1,Edgmont St,-75.385524,39.917467
D1,Monroe St,-75.387518,39.917726
D1,Jackson St,-75.389348,39.917985
D1,Olive St,-75.390917,39.9182
D1,Veterans Sq,-75.391897,39.918343
D1,Orange St/Media,-75.393939,39.918629
D1,Orange St/Media,-75.393998,39.918478
D1,Veterans Sq,-75.392145,39.918209
D1,Olive St,-75.391165,39.918066
D1,Jackson St,-75.389584,39.917843
D1,Monroe St,-75.387766,39.917592
D1,Edgmont St,-75.385772,39.917333
D1,Manchester Av,-75.382998,39.91693
D1,Providence Rd,-75.380614,39.916626
D1,Beatty Rd,-75.376861,39.916071
D1,Pine Ridge,-75.369922,39.914872
D1,96 Signal - not a stop,-75.364598,39.915681
D1,Paper Mill Rd,-75.357953,39.915276
D1,Springfield Mall,-75.348992,39.918011
D1,Thomson Av,-75.345353,39.921167
D1,Woodland Av,-75.339659,39.924617
D1,Leamy Av,-75.337154,39.926267
D1,Saxer Av,-75.333515,39.928665
D1,Springfield Rd,-75.329458,39.934409
D1,Scenic Rd,-75.325872,39.940734
D1,Drexeline,-75.321592,39.944559
D1,Drexelbrook,-75.315955,39.947106
D1,Anderson Av,-75.312636,39.947826
D1,Aronimink,-75.306033,39.949203
D1,School Ln,-75.29987,39.94859
D1,Huey Av,-75.297688,39.94741
D1,Drexel Hill Junction,-75.292575,39.947012
D1,Irvington Rd,-75.289148,39.948668
D1,Drexel Park,-75.286949,39.949709
D1,Lansdowne Av,-75.282328,39.951614
D1,Congress Av,-75.279078,39.952976
D1,Beverly Blvd,-75.274066,39.955326
D1,Hilltop Rd,-75.272718,39.955967
D1,Avon Rd,-75.268888,39.95772
D1,Walnut St,-75.266263,39.958921
D1,Fairfield Av,-75.263613,39.960864
D1,69th St Transit Center,-75.259677,39.96217
D2,69th St Transit Center,-75.259677,39.96217
D2,Fairfield Av,-75.263743,39.960882
D2,Walnut St,-75.2667,39.958851
D2,Avon Rd,-75.269301,39.957649
D2,Hilltop Rd,-75.273131,39.955896
D2,Beverly Blvd,-75.274822,39.955095
D2,Congress Av,-75.279101,39.953092
D2,Lansdowne Av,-75.282422,39.951694
D2,Drexel Park,-75.286772,39.949915
D2,Irvington Rd,-75.288982,39.948864
D2,Drexel Hill Junction,-75.292764,39.947092
D2,Garrettford,-75.295958,39.944052
D2,Drexel Manor,-75.296611,39.942205
D2,Marshall Rd,-75.296544,39.940135
D2,Creek Rd,-75.295278,39.9351
D2,Baltimore Av,-75.292912,39.931233
D2,Penn St,-75.292008,39.928938
D2,Springfield Rd,-75.292684,39.927288
D2,Clifton-Aldan,-75.290161,39.925723
D2,Providence Rd,-75.288705,39.921643
D2,Magnolia Av,-75.287045,39.919517
D2,North St,-75.28555,39.917498
D2,Bartram Av,-75.284222,39.914605
D2,Andrews Av,-75.281997,39.911613
D2,MacDade Blvd,-75.280973,39.910255
D2,Sharon Hill,-75.278314,39.906673
D2,Sharon Hill,-75.278314,39.906673
D2,MacDade Blvd,-75.280832,39.910282
D2,Andrews Av,-75.281832,39.911684
D2,Bartram Av,-75.284092,39.914703
D2,North St,-75.285408,39.917596
D2,Magnolia Av,-75.28675,39.919419
D2,Providence Rd,-75.288575,39.921777
D2,Clifton-Aldan,-75.289984,39.92575
D2,Springfield Rd,-75.292519,39.927288
D2,Penn St,-75.29202,39.928653
D2,Baltimore Av,-75.292841,39.931313
D2,Creek Rd,-75.295136,39.9351
D2,Marshall Rd,-75.296378,39.94017
D2,Drexel Manor,-75.296446,39.942196
D2,Garrettford,-75.295781,39.944088
D2,Drexel Hill Junction,-75.292575,39.947012
D2,Irvington Rd,-75.289148,39.948668
D2,Drexel Park,-75.286949,39.949709
D2,Lansdowne Av,-75.282328,39.951614
D2,Congress Av,-75.279078,39.952976
D2,Beverly Blvd,-75.274066,39.955326
D2,Hilltop Rd,-75.272718,39.955967
D2,Avon Rd,-75.268888,39.95772
D2,Walnut St,-75.266263,39.958921
D2,Fairfield Av,-75.263613,39.960864
D2,69th St Transit Center,-75.259677,39.96217
M1,69th St Transit Center,-75.259156,39.962759
M1,Employee Platform - Employees Only,-75.26266,39.964477
M1,Parkview,-75.27478,39.969026
M1,Township Line Rd,-75.281536,39.974818
M1,Penfield,-75.283933,39.980997
M1,Beechwood-Brookline,-75.291448,39.986548
M1,Wynnewood Rd,-75.298182,39.9934
M1,Ardmore Junction,-75.303659,39.996289
M1,Ardmore Av,-75.309419,39.999936
M1,Haverford - NHSL,-75.315099,40.00983
M1,Bryn Mawr - NHSL,-75.323383,40.018084
M1,Roberts Rd,-75.330234,40.021401
M1,Garrett Hill,-75.336361,40.027974
M1,Stadium,-75.340729,40.032699
M1,Villanova - NHSL,-75.344025,40.034085
M1,Radnor - NHSL,-75.353558,40.042052
M1,County Line,-75.347341,40.050063
M1,Matsonford,-75.339408,40.058206
M1,Gulph Mills,-75.342278,40.070847
M1,Hughes Park,-75.349079,40.081535
M1,DeKalb St,-75.352018,40.098736
M1,Bridgeport,-75.348094,40.104946
M1,Norristown Transit Center,-75.345114,40.113459
M1,Norristown Transit Center,-75.345208,40.113477
M1,Bridgeport,-75.348189,40.104964
M1,DeKalb St,-75.352113,40.098781
M1,Hughes Park,-75.349174,40.081517
M1,Gulph Mills,-75.342396,40.070874
M1,Matsonford,-75.339502,40.058171
M1,County Line,-75.347424,40.050117
M1,Radnor - NHSL,-75.353676,40.042106
M1,Villanova - NHSL,-75.34399,40.034004
M1,Stadium,-75.3408,40.032655
M1,Garrett Hill,-75.336455,40.027948
M1,Roberts Rd,-75.330341,40.021401
M1,Bryn Mawr - NHSL,-75.323407,40.018004
M1,Haverford - NHSL,-75.315182,40.009768
M1,Ardmore Av,-75.309479,39.999864
M1,Ardmore Junction,-75.303789,39.996262
M1,Wynnewood Rd,-75.298276,39.993374
M1,Beechwood-Brookline,-75.291484,39.986485
M1,Penfield,-75.28404,39.981015
M1,Township Line Rd,-75.281619,39.974773
M1,Parkview,-75.274851,39.968955
M1,Employee Platform - Employees Only,-75.263309,39.964549
M1,69th St Transit Center,-75.259156,39.962687
